make,model,frequency
Alfa Romeo,33,2
Alfa Romeo,75,3
Alfa Romeo,145,27
Alfa Romeo,146,36
Alfa Romeo,147,349
Alfa Romeo,155,5
Alfa Romeo,156,271
Alfa Romeo,159,166
Alfa Romeo,164,5
Alfa Romeo,166,58
Alfa Romeo,4C,13
Alfa Romeo,8C,1
Alfa Romeo,Brera,22
Alfa Romeo,Giulia,5
Alfa Romeo,Giulietta,257
Alfa Romeo,GT,76
Alfa Romeo,GTV,31
Alfa Romeo,MiTo,374
Alfa Romeo,Spider,58
Aston Martin,DB9,11
Aston Martin,DBS,1
Aston Martin,Rapide,1
Aston Martin,V8,2
Aston Martin,V8 Vantage,5
Audi,80,59
Audi,90,3
Audi,100,21
Audi,200,2
Audi,A1,307
Audi,A2,97
Audi,A3,1730
Audi,A4,2122
Audi,A5,435
Audi,A6,1119
Audi,A7,59
Audi,A8,168
Audi,Cabrio,46
Audi,Coupe,12
Audi,Q3,71
Audi,Q5,174
Audi,Q7,144
Audi,Quattro,5
Audi,R8,11
Audi,RS2,1
Audi,RS3,11
Audi,RS4,11
Audi,RS5,8
Audi,RS6,14
Audi,S2,1
Audi,S3,34
Audi,S4,50
Audi,S5,32
Audi,S6,23
Audi,S7,3
Audi,S8,23
Audi,TT,288
Bentley,Arnage,7
Bentley,Continental,28
Bentley,Mulsanne,2
Bentley,Turbo,4
BMW,1-Serie,1191
BMW,2-Serie,111
BMW,3-Serie,3508
BMW,3-Serie GT,19
BMW,4-Serie,72
BMW,4-Serie Gran Coupé,11
BMW,5-Serie,1774
BMW,5-Serie GT,26
BMW,6-Serie,119
BMW,6-Serie Gran Coupé,9
BMW,7-Serie,235
BMW,8-Serie,7
BMW,i3,15
BMW,i8,6
BMW,X1,144
BMW,X3,223
BMW,X4,8
BMW,X5,351
BMW,X6,77
BMW,Z1,2
BMW,Z3,129
BMW,Z4,117
BMW,Z8,5
Buick,Enclave,7
Buick,Park Avenue,3
Buick,Regal,3
Buick,Riviera,3
Buick,Skylark,6
Cadillac,ATS,2
Cadillac,BLS,8
Cadillac,Brougham,3
Cadillac,CTS,17
Cadillac,Eldorado,9
Cadillac,Escalade,8
Cadillac,Seville,16
Cadillac,SRX,15
Cadillac,STS,5
Chevrolet,Alero,15
Chevrolet,Avalanche,15
Chevrolet,Aveo,138
Chevrolet,Blazer,14
Chevrolet,Camaro,31
Chevrolet,Caprice,6
Chevrolet,Captiva,68
Chevrolet,Chevy Van,47
Chevrolet,Corsica,2
Chevrolet,Corvette,58
Chevrolet,Cruze,31
Chevrolet,Epica,17
Chevrolet,Kalos,154
Chevrolet,Lacetti,28
Chevrolet,Matiz,267
Chevrolet,Nubira,64
Chevrolet,Orlando,19
Chevrolet,Pick-up,29
Chevrolet,Spark,202
Chevrolet,Suburban,12
Chevrolet,Tacuma,82
Chevrolet,Tahoe,1
Chevrolet,Trailblazer,7
Chevrolet,Trans Sport,31
Chevrolet,Trax,6
Chevrolet,Volt,14
Chrysler,300C,62
Chrysler,300M,17
Chrysler,Crossfire,19
Chrysler,Le Baron,1
Chrysler,Grand Voyager,78
Chrysler,Neon,50
Chrysler,Pacifica,7
Chrysler,PT Cruiser,218
Chrysler,Sebring,57
Chrysler,Stratus,20
Chrysler,Voyager,160
Citroën,2CV,25
Citroën,AX,12
Citroën,Berlingo,291
Citroën,BX,9
Citroën,C-Zero,3
Citroën,C-Crosser,15
Citroën,C1,1140
Citroën,C2,236
Citroën,C3,1109
Citroën,C3 Picasso,135
Citroën,C4,455
Citroën,C4 Aircross,17
Citroën,C4 Cactus,291
Citroën,C4 (Grand) Picasso,482
Citroën,C5,743
Citroën,C6,22
Citroën,C8,55
Citroën,CX,7
Citroën,DS,7
Citroën,DS3,400
Citroën,DS4,54
Citroën,DS5,72
Citroën,Evasion,11
Citroën,Nemo,20
Citroën,Saxo,330
Citroën,Xantia,55
Citroën,Xsara,905
Citroën,XM,34
Citroën,ZX,14
Dacia,Duster,105
Dacia,Lodgy,13
Dacia,Logan,94
Dacia,Logan MCV,87
Dacia,Sandero,130
Dacia,Sandero Stepway,8
Daewoo,Espero,5
Daewoo,Evanda,13
Daewoo,Kalos,103
Daewoo,Lacetti,15
Daewoo,Lanos,77
Daewoo,Leganza,22
Daewoo,Matiz,392
Daewoo,Nexia,9
Daewoo,Nubira,60
Daewoo,Tacuma,182
Daihatsu,Applause,11
Daihatsu,Charade,44
Daihatsu,Copen,6
Daihatsu,Cuore,389
Daihatsu,Feroza,3
Daihatsu,Gran Move,54
Daihatsu,Materia,25
Daihatsu,Move,38
Daihatsu,Rocky,3
Daihatsu,Sirion,194
Daihatsu,Terios,84
Daihatsu,Valera,15
Daihatsu,Trevis,8
Daihatsu,YRV,40
Dodge,Avenger,4
Dodge,Caliber,48
Dodge,(Grand) Caravan,1
Dodge,Challenger,8
Dodge,Charger,12
Dodge,Dakota,1
Dodge,Durango,6
Dodge,Journey,18
Dodge,Magnum,3
Dodge,Nitro,9
Dodge,RAM,34
Dodge,RAM1500,76
Dodge,RAM2500,6
Dodge,RAM3500,1
Dodge,RAM Van,2
Dodge,Stealth,2
Dodge,Viper,3
Dodge,W200,3
Ferrari,308,2
Ferrari,328,2
Ferrari,348,4
Ferrari,360,9
Ferrari,456,3
Ferrari,458,6
Ferrari,512 TR,1
Ferrari,550,1
Ferrari,575,1
Ferrari,599,9
Ferrari,California,5
Ferrari,F355,2
Ferrari,F430,8
Ferrari,F512M,3
Ferrari,Mondial,3
Ferrari,Testarossa,6
Fiat,500,1486
Fiat,500L,90
Fiat,500L Trekking,1
Fiat,500X,49
Fiat,Barchetta,43
Fiat,Brava,33
Fiat,Bravo,119
Fiat,Coupe,9
Fiat,Cinquecento,95
Fiat,Croma,47
Fiat,Doblo,106
Fiat,Grande Punto,326
Fiat,Idea,58
Fiat,Marea,52
Fiat,Multipla,44
Fiat,Palio,12
Fiat,Panda,1107
Fiat,Punto,1144
Fiat,Punto EVO,266
Fiat,Qubo,28
Fiat,Sedici,35
Fiat,Seicento,370
Fiat,Stilo,296
Fiat,Tempra,1
Fiat,Tipo,1
Fiat,Ulysse,22
Fiat,Uno,2
Ford,B-Max,122
Ford,C-Max,645
Ford,Cougar,26
Ford,Ecosport,34
Ford,Escort,78
Ford,Fiësta,1844
Ford,Focus,2960
Ford,Fusion,251
Ford,Galaxy,225
Ford,Grand C-Max,87
Ford,Ka,1719
Ford,Kuga,63
Ford,Mondeo,1092
Ford,Probe,3
Ford,Puma,36
Ford,S-Max,264
Ford,Scorpio,9
Ford,Sierra,7
Ford,Tourneo Connect,23
Ford,Tourneo Courier,7
Ford Usa,Bronco,1
Ford Usa,Expedition,1
Ford Usa,Explorer,13
Ford Usa,E-Series,1
Ford Usa,Flex,3
Ford Usa,F-150,22
Ford Usa,F-250,9
Ford Usa,F-350,4
Ford Usa,Mustang,39
Ford Usa,Taurus,6
Ford Usa,Thunderbird,4
Ford Usa,Windstar,10
Honda,Accord,151
Honda,Civic,761
Honda,Concerto,1
Honda,CR-V,187
Honda,CRX,14
Honda,CR-Z,18
Honda,FR-V,18
Honda,HR-V,85
Honda,Insight,135
Honda,Integra,4
Honda,Jazz,347
Honda,Legend,3
Honda,LOGO,11
Honda,Prelude,18
Honda,S2000,7
Honda,Shuttle,5
Honda,Stream,12
Hummer,H1,1
Hummer,H2,5
Hummer,H3,3
Hyundai,Accent,123
Hyundai,Atos,444
Hyundai,Coupé,72
Hyundai,Elantra,30
Hyundai,Excel,73
Hyundai,Galloper,1
Hyundai,Genesis,2
Hyundai,Getz,335
Hyundai,Grandeur,1
Hyundai,i10,555
Hyundai,i20,327
Hyundai,i30,315
Hyundai,i40,136
Hyundai,iX20,136
Hyundai,iX35,288
Hyundai,Lantra,43
Hyundai,Matrix,225
Hyundai,Pony,1
Hyundai,Santa Fe,243
Hyundai,Scoupe,3
Hyundai,Sonata,30
Hyundai,Terracan,12
Hyundai,Trajet,47
Hyundai,Tucson,302
Hyundai,Veloster,13
Hyundai,XG,3
Infiniti,FX-serie,16
Infiniti,G-serie,2
Infiniti,Q50,1
Jaguar,E-Type,1
Jaguar,F-type,19
Jaguar,S-Type,132
Jaguar,Sovereign,27
Jaguar,X-Type,117
Jaguar,XE,38
Jaguar,XF,91
Jaguar,XJ,164
Jaguar,XJS,10
Jaguar,XK,71
Jeep,Cherokee,129
Jeep,Commander,9
Jeep,Compass,28
Jeep,CJ,10
Jeep,Grand Cherokee,103
Jeep,Liberty,2
Jeep,Patriot,17
Jeep,Renegade,113
Jeep,Wagoneer,6
Jeep,Wrangler,67
Kia,Carens,290
Kia,Carnival,36
Kia,(Pro) Cee d,536
Kia,Cerato,43
Kia,Clarus,3
Kia,Joice,26
Kia,Magentis,29
Kia,Mentor,4
Kia,Opirus,7
Kia,Optima,46
Kia,Picanto,1082
Kia,Pregio,1
Kia,Pride,21
Kia,Rio,751
Kia,Sephia,8
Kia,Shuma,14
Kia,Sorento,186
Kia,Soul,48
Kia,Sportage,559
Kia,Venga,233
Lada,110,1
Lada,111,2
Lada,Kalina,4
Lada,Niva,1
Lamborghini,Gallardo,2
Lancia,Dedra,4
Lancia,Delta,54
Lancia,Kappa,15
Lancia,Lybra (SW),36
Lancia,Musa,33
Lancia,Phedra,10
Lancia,Thema,12
Lancia,Thesis,12
Lancia,Voyager,5
Lancia,Y,15
Lancia,Ypsilon,163
Land Rover,Defender,119
Land Rover,Discovery,196
Land Rover,Freelander,156
Land Rover,Range Rover,184
Land Rover,Range Rover Evoque,107
Land Rover,Range Rover (sport),143
Land Rover,Series,13
Lexus,CT-H,231
Lexus,GS(-H),37
Lexus,IS,88
Lexus,LS(-H),9
Lexus,NX,9
Lexus,RC,5
Lexus,RX(-H),44
Lexus,SC,3
Lincoln,Continental,4
Lincoln,Mark,2
Lincoln,Navigator,4
Lincoln,Town Car,15
Lotus,Elan,2
Lotus,Elise,3
Maserati,3200,3
Maserati,Coupe,2
Maserati,Ghibli,17
Maserati,Gransport,1
Maserati,Granturismo,6
Maserati,Quattroporte,36
Mazda,121,43
Mazda,2,261
Mazda,3,255
Mazda,323,254
Mazda,5,179
Mazda,6,364
Mazda,626,142
Mazda,CX-3,25
Mazda,CX-5,156
Mazda,CX-7,16
Mazda,CX-9,16
Mazda,Demio,104
Mazda,MPV,14
Mazda,MX-3,22
Mazda,MX-5,186
Mazda,MX-6,3
Mazda,Premacy,171
Mazda,RX-8,27
Mazda,Tribute,14
Mazda,Xedos 6,6
Mazda,Xedos 9,2
Mercedes-Benz,190-Serie,86
Mercedes-Benz,200-Serie,127
Mercedes-Benz,300-Serie,8
Mercedes-Benz,A-Klasse,1199
Mercedes-Benz,B-Klasse,681
Mercedes-Benz,C-Klasse,2029
Mercedes-Benz,CL-Klasse,54
Mercedes-Benz,CLA,174
Mercedes-Benz,CLC,17
Mercedes-Benz,CLK,228
Mercedes-Benz,CLS,116
Mercedes-Benz,E-Klasse,1243
Mercedes-Benz,G-Klasse,56
Mercedes-Benz,GL-Klasse,30
Mercedes-Benz,GLA,4
Mercedes-Benz,GLA Klasse,55
Mercedes-Benz,GLK-Klasse,59
Mercedes-Benz,GLE Klasse,20
Mercedes-Benz,GLE Coupé,1
Mercedes-Benz,M-Klasse,315
Mercedes-Benz,R-Klasse,39
Mercedes-Benz,S-Klasse,421
Mercedes-Benz,SL-Klasse,135
Mercedes-Benz,SLK-Klasse,266
Mercedes-Benz,SLS AMG,1
Mercedes-Benz,V-klasse,15
Mercedes-Benz,Viano,17
Mercedes-Benz,Vito,56
Mercury,Capri,3
Mercury,Grand Marquis,1
MG,A,2
MG,B,11
MG,F,67
MG,Midget,1
MG,TF,27
MG,ZR,14
MG,ZS,7
MG,ZT,18
MG,ZT-T,3
Mini,Cabrio,220
Mini,Clubman,204
Mini,Cooper,658
Mini,Countryman,170
Mini,John Cooper Works,25
Mini,Mini,15
Mini,One,279
Mini,Roadster,7
Mitsubishi,3000GT,1
Mitsubishi,ASX,156
Mitsubishi,Carisma,200
Mitsubishi,Colt,426
Mitsubishi,Eclipse,19
Mitsubishi,Galant,50
Mitsubishi,Grandis,75
Mitsubishi,i-MiEV,2
Mitsubishi,Lancer,107
Mitsubishi,Mirage,1
Mitsubishi,Outlander,515
Mitsubishi,Pajero,49
Mitsubishi,Pajero Sport,4
Mitsubishi,Space Runner,26
Mitsubishi,Space Star,497
Mitsubishi,Space Wagon,53
Nissan,100 NX,6
Nissan,200SX,2
Nissan,300ZX,3
Nissan,350Z,23
Nissan,370Z,11
Nissan,Almera,243
Nissan,Almera Tino,203
Nissan,Cube,1
Nissan,GT-R,3
Nissan,Juke,189
Nissan,Leaf,43
Nissan,Maxima (QX),13
Nissan,Micra,727
Nissan,Murano,27
Nissan,Note,441
Nissan,Pathfinder,5
Nissan,Patrol,31
Nissan,Pixo,153
Nissan,Primera,278
Nissan,Pulsar,92
Nissan,Qashqai,594
Nissan,Qashqai+2,81
Nissan,Skyline,16
Nissan,Sunny,16
Nissan,Terrano,7
Nissan,Terrano (II),2
Nissan,X-Trail,150
Opel,ADAM,159
Opel,Agila,692
Opel,Ampera,85
Opel,Antara,74
Opel,Ascona,5
Opel,Astra,3604
Opel,Calibra,22
Opel,Cascada,22
Opel,Combo Tour,9
Opel,Corsa,3135
Opel,Frontera,38
Opel,GT,6
Opel,Insignia,529
Opel,Kadett,34
Opel,Karl,82
Opel,Manta,3
Opel,Meriva,998
Opel,Mokka,191
Opel,Omega,138
Opel,Senator,3
Opel,Signum,60
Opel,Sintra,4
Opel,Speedster,2
Opel,Tigra,200
Opel,Vectra,827
Opel,Zafira,1375
Peugeot,106,381
Peugeot,107,1198
Peugeot,108,459
Peugeot,205,59
Peugeot,206,2064
Peugeot,206+,77
Peugeot,207,1237
Peugeot,208,943
Peugeot,306,374
Peugeot,307,1504
Peugeot,308,1459
Peugeot,309,3
Peugeot,405,6
Peugeot,406,246
Peugeot,407,372
Peugeot,508,486
Peugeot,605,5
Peugeot,607,75
Peugeot,806,16
Peugeot,807,54
Peugeot,1007,82
Peugeot,2008,343
Peugeot,3008,246
Peugeot,4007,13
Peugeot,5008,297
Peugeot,Bipper,12
Peugeot,iOn,4
Peugeot,Partner,228
Peugeot,RCZ,62
Pontiac,Firebird,18
Pontiac,G6,3
Pontiac,Grand Prix,1
Pontiac,Solstice,1
Pontiac,Trans Sport,3
Porsche,356,1
Porsche,911,332
Porsche,924,5
Porsche,928,3
Porsche,944,12
Porsche,968,2
Porsche,Boxster,93
Porsche,Cayenne,174
Porsche,Cayman,19
Porsche,Macan,7
Porsche,Panamera,68
Renault,5,4
Renault,19,8
Renault,Avantime,8
Renault,Captur,235
Renault,Clio,2311
Renault,Espace,363
Renault,Fluence,4
Renault,Grand Espace,161
Renault,Grand Modus,67
Renault,Grand Scenic,558
Renault,Kadjar,26
Renault,Kangoo,373
Renault,Koleos,33
Renault,Laguna,935
Renault,Modus,223
Renault,Mégane,3203
Renault,Safrane,19
Renault,Scénic,1339
Renault,Talisman,12
Renault,Twingo,1752
Renault,Twizy,22
Renault,Vel Satis,64
Renault,Wind,13
Renault,ZOE,20
Rolls-Royce,Corniche,2
Rolls-Royce,Ghost,3
Rolls-Royce,Phantom,2
Rolls-Royce,Silver Cloud,1
Rolls-Royce,Silver Seraph,2
Rolls-Royce,Silver Shadow,3
Rolls-Royce,Silver Spirit,2
Rover,25,26
Rover,45,47
Rover,75,79
Rover,100-Serie,3
Rover,200-Serie,34
Rover,400-Serie,14
Rover,600-Serie,22
Rover,800-Serie,2
Saab,9-3,654
Saab,9-5,256
Saab,9-7X,1
Saab,90,2
Saab,96,4
Saab,99,6
Saab,900,128
Saab,9000,7
Seat,Alhambra,143
Seat,Altea,296
Seat,Altea XL,267
Seat,Arosa,329
Seat,Cordoba,340
Seat,Exeo,46
Seat,Ibiza,1900
Seat,Inca,5
Seat,Leon,1087
Seat,Marbella,3
Seat,Mii,200
Seat,Toledo,207
Skoda,Citigo,180
Skoda,Fabia,1150
Skoda,Felicia,26
Skoda,Octavia,968
Skoda,Rapid,70
Skoda,Roomster,83
Skoda,Superb,228
Skoda,Yeti,146
Smart,City-Coupe,138
Smart,ForFour,137
Smart,ForTwo,313
Smart,Roadster,21
Ssangyong,Actyon,21
Ssangyong,Korando,26
Ssangyong,Kyron,18
Ssangyong,Musso,4
Ssangyong,Rexton,49
Ssangyong,Rodius,1
Subaru,BRZ,3
Subaru,Forester,153
Subaru,Impreza,109
Subaru,Justy,34
Subaru,Legacy,76
Subaru,Outback,36
Subaru,SVX,6
Subaru,Trezia,22
Subaru,Tribeca,4
Subaru,Vivio,26
Subaru,XV,32
Suzuki,Alto,906
Suzuki,Baleno,117
Suzuki,Cappuccino,1
Suzuki,Celerio,61
Suzuki,Grand Vitara,146
Suzuki,Ignis,123
Suzuki,Jimny,46
Suzuki,Kizashi,24
Suzuki,Liana,57
Suzuki,Samurai,9
Suzuki,Splash,185
Suzuki,Swift,985
Suzuki,SX4,177
Suzuki,S-Cross,75
Suzuki,Vitara,99
Suzuki,Wagon R+,287
Suzuki,X-90,1
Toyota,Avensis,511
Toyota,Avensis Verso,64
Toyota,Auris,613
Toyota,Aygo,1161
Toyota,Camry,36
Toyota,Carina,6
Toyota,Celica,47
Toyota,Corolla,343
Toyota,Corolla Verso,199
Toyota,GT86,9
Toyota,Hilux,24
Toyota,IQ,49
Toyota,Landcruiser,103
Toyota,MR2,19
Toyota,Paseo,20
Toyota,Picnic,18
Toyota,Previa,15
Toyota,Prius,356
Toyota,Prius Wagon,65
Toyota,Rav4,243
Toyota,Starlet,160
Toyota,Supra,6
Toyota,Tundra,12
Toyota,Urban Cruiser,29
Toyota,Verso,245
Toyota,Verso-S,88
Toyota,Yaris,1117
Toyota,Yaris Verso,40
Triumph,Spitfire,7
Triumph,TR3,2
Triumph,TR4,2
Triumph,TR6,7
Volkswagen,Amarok,10
Volkswagen,Beetle (Kever),337
Volkswagen,Bora,165
Volkswagen,Caddy Combi,27
Volkswagen,Caddy Maxi,35
Volkswagen,Corrado,12
Volkswagen,Eos,96
Volkswagen,Fox,272
Volkswagen,Golf,6370
Volkswagen,Golf Plus,511
Volkswagen,Golf Sportsvan,154
Volkswagen,Jetta,309
Volkswagen,Lupo,373
Volkswagen,Multivan,10
Volkswagen,Passat,2199
Volkswagen,Passat CC,129
Volkswagen,Phaeton,37
Volkswagen,Polo,3862
Volkswagen,Sharan,129
Volkswagen,Scirocco,158
Volkswagen,Tiguan,354
Volkswagen,Touareg,148
Volkswagen,Touran,855
Volkswagen,Transporter,248
Volkswagen,up!,653
Volkswagen,Vento,35
Volvo,240,52
Volvo,340,8
Volvo,440,14
Volvo,460,4
Volvo,480,14
Volvo,740,19
Volvo,850,120
Volvo,940,73
Volvo,960,29
Volvo,C30,282
Volvo,C70,121
Volvo,S40,362
Volvo,S60,520
Volvo,S70,81
Volvo,S80,260
Volvo,V40,1094
Volvo,V50,860
Volvo,V60,598
Volvo,V70,1401
Volvo,V90,3
Volvo,XC60,277
Volvo,XC70,233
Volvo,XC90,283
